Viewport width,Screen density,Pageviews
1920,1,3505
1440,2,1341
1366,1,1194
375,2,725
360,3,587
2560,1,461
1536,1.25,418
1680,2,411
1280,1,352
1280,2,344
1440,1,334
1600,1,312
412,2.625,260
360,2,251
1680,1,236
320,2,221
375,3,164
414,3,161
1920,2,146
1280,1.5,128
1024,2,93
1855,1,90
1922,1,83
2560,2,80
1858,1,76
360,4,75
1918,1,64
768,2,63
800,1,59
1024,1,50
412,3.5,50
1853,1,46
1360,1,45
1301,1,38
1880,1,36
1391,1,35
1679,2,35
360,1.5,32
1439,2,30
1536,2.5,27
2048,1,27
2048,1.25,27
1014,1,26
1200,1,24
393,2.75,24
1278,1,23
1326,1,23
1910,1,23
1914,1,22
1916,1,22
1919,1,21
320,1.5,21
1280,1.25,20
2048,2,20
1112,2,19
1281,2,17
2560,1.5,17
958,1,17
1393,2,16
1270,2,15
1276,1,15
1299,1,15
424,2.55,15
1279,2,14
1321,1,14
1366,2,14
1368,2,14
1538,1,14
1904,1,14
1912,1,14
1040,1,13
1522,1,13
1617,1,13
1720,1,13
1842,1,13
1853,2,13
2195,1.75,13
3440,1,13
414,2.609,13
1278,2,12
1396,2,12
1409,2,12
1436,1,12
1440,1.5,12
1863,1,12
1921,1,12
1200,2,11
1264,1,11
1276,2,11
1379,1,11
1438,1,11
1439,1,11
1534,1.25,11
1535,1,11
1600,2,11
1690,1,11
1865,1,11
1264,2,10
1277,2,10
1309,1,10
1324,2,10
1354,1,10
1387,2,10
1435,2,10
1436,2,10
1518,0.9,10
1620,2,10
1869,1,10
587,1,10
834,2,10
1080,1,9
1150,2,9
1270,1,9
1282,1,9
1317,1,9
1319,1,9
1324,1,9
1362,1,9
1415,2,9
1428,1,9
1437,2,9
1438,2,9
1485,1,9
1533,1,9
1615,1,9
1640,1,9
1642,2,9
1679,1,9
600,2,9
960,2,9
1021,2,8
1206,1,8
1277,1,8
1280,2.5,8
1344,1.25,8
1378,1,8
1380,1,8
1434,2,8
1455,1,8
1500,2,8
1518,2,8
1538,1.25,8
1539,2,8
1622,1,8
1658,2,8
1670,1,8
1719,1,8
1813,1,8
1852,1,8
1867,1,8
1915,1,8
1924,1,8
2400,0.8,8
2493,1,8
2557,1,8
408,3.529,8
455,2.375,8
950,1,8
1239,2,7
1266,1,7
1273,1,7
1283,2,7
1294,1,7
1336,1,7
1338,1,7
1350,1,7
1397,2,7
1441,2,7
1521,1,7
1540,1.25,7
1571,1,7
1595,2,7
1707,1.5,7
1713,1,7
1861,1,7
1903,1,7
1911,1,7
1919,2,7
2559,1,7
3840,1,7
571,1,7
968,2,7
1065,1,6
1192,1,6
1194,1,6
1218,2,6
1232,2,6
1235,1,6
1240,1,6
1240,2,6
1245,1,6
1340,1,6
1358,1,6
1365,1,6
1371,1,6
1372,1,6
1382,2,6
1395,2,6
1467,1,6
1481,1,6
1492,1,6
1501,1,6
1507,1,6
1535,1.25,6
1550,1,6
1551,2,6
1563,1,6
1576,1,6
1584,1,6
1625,2,6
1630,2,6
1678,2,6
1681,2,6
1707,1,6
1718,1,6
1733,1,6
1745,1.1,6
1766,1,6
1789,1,6
1873,1,6
1892,1,6
1894,1,6
1896,1,6
1900,1,6
1913,1,6
320,4.5,6
411,1,6
432,2.5,6
800,2,6
831,2,6
840,2,6
957,1,6
1000,1,5
1009,2,5
1015,2,5
1027,1,5
1089,1,5
1113,2,5
1130,2,5
1142,2,5
1199,1,5
1205,1,5
1226,1,5
1234,2,5
1241,1,5
1254,1,5
1256,2,5
1268,1,5
1273,2,5
1275,1,5
1275,2,5
1279,1,5
1303,2,5
1304,1,5
1313,1,5
1315,1,5
1323,1,5
1333,1,5
1334,1,5
1334,2,5
1335,1,5
1347,1,5
1353,2,5
1357,2,5
1364,1,5
1378,2,5
1388,2,5
1389,2,5
1391,2,5
1392,2,5
1403,1,5
1407,2,5
1410,2,5
1417,2,5
1418,2,5
1421,1,5
1422,1,5
1427,1,5
1429,2,5
1430,1,5
1434,1,5
1441,1,5
1442,2,5
1451,1,5
1456,2,5
1459,1,5
1482,1,5
1503,1,5
1504,1,5
1504,2,5
1507,2,5
1516,1,5
1535,2,5
1536,1,5
1563,2,5
1573,2,5
1575,1,5
1592,1,5
1594,1,5
1597,1,5
1606,1,5
1618,1,5
1627,1,5
1629,1,5
1636,2,5
1641,2,5
1644,1,5
1649,1,5
1657,1,5
1676,1,5
1704,1,5
1708,1,5
1726,1,5
1736,2,5
1742,1,5
1760,1,5
1777,1,5
1779,2,5
1787,1,5
1808,1,5
1848,1,5
1854,1,5
1862,1,5
1871,1,5
1875,1,5
1877,1,5
1879,1,5
1886,1,5
1901,1,5
1902,1,5
1916,2,5
2430,2,5
3200,1,5
376,2.875,5
412,1.75,5
424,3.4,5
640,2,5
720,2,5
839,2,5
1008,1,4
1021,1,4
1033,1,4
1058,2,4
1064,1,4
1080,2,4
1085,1,4
1089,2,4
1120,1,4
1150,1,4
1178,1,4
1191,1,4
1196,1,4
1198,1,4
1206,2,4
1212,1,4
1230,2,4
1231,2,4
1233,2,4
1236,2,4
1244,1,4
1248,2,4
1251,1,4
1258,2,4
1260,2,4
1262,1,4
1270,1.5,4
1274,2,4
1279,1.5,4
1284,1,4
1284,1.5,4
1289,1,4
1290,1,4
1291,2,4
1296,2,4
1311,1,4
1322,2,4
1329,1,4
1331,1,4
1333,2,4
1341,1,4
1347,2,4
1353,1,4
1355,1,4
1361,2,4
1363,1,4
1367,1,4
1372,1.4,4
1375,1,4
1384,2,4
1386,1,4
1389,1,4
1393,1,4
1397,1,4
1399,2,4
1403,2,4
1405,2,4
1407,1,4
1409,1,4
1410,1,4
1412,1,4
1413,1,4
1418,1,4
1422,2,4
1424,1,4
1425,2,4
1430,2,4
1431,2,4
1435,1,4
1437,1,4
1442,1,4
1454,1,4
1457,1,4
1463,2,4
1469,2,4
1476,1,4
1490,1,4
1498,1,4
1501,2,4
1505,2,4
1516,2,4
1525,0.896,4
1527,1,4
1529,1,4
1534,1,4
1551,1,4
1554,1,4
1556,1,4
1558,1,4
1569,1,4
1569,2,4
1572,1,4
1574,1,4
1574,2,4
1596,1,4
1613,1,4
1621,1,4
1625,1,4
1626,2,4
1631,2,4
1635,2,4
1638,1,4
1638,2,4
1642,1,4
1658,1,4
1661,1,4
1664,1,4
1666,1,4
1676,2,4
1682,1,4
1682,2,4
1686,1,4
1694,1,4
1696,1,4
1701,1,4
1702,1,4
1703,1,4
1707,2.25,4
1717,1,4
1740,1.104,4
1773,1,4
1785,1,4
1801,0.75,4
1806,1,4
1811,1,4
1814,1,4
1821,1,4
1847,1,4
1881,1,4
1885,1,4
1893,1,4
1899,1,4
1908,1,4
1909,1,4
1917,1,4
1931,1,4
2008,1,4
2009,1,4
2050,1.25,4
2222,1,4
2331,2,4
2439,1,4
2498,1,4
2500,1,4
2556,1,4
2562,1,4
272,1,4
3008,2,4
377,3.825,4
400,1.8,4
424,1.7,4
864,2,4
902,1,4
944,1,4
952,1,4
1016,1,3
1023,1,3
1024,1.25,3
1034,1,3
1045,2,3
1046,1,3
1058,1,3
1088,1,3
1098,1,3
1099,1,3
1121,1,3
1124,2,3
1126,2,3
1133,2,3
1135,1,3
1145,2,3
1153,2,3
1161,1,3
1162,1,3
1165,1,3
1169,1,3
1172,1,3
1173,2,3
1181,2,3
1185,2,3
1191,2,3
1198,2,3
1201,1,3
1209,2,3
1211,2,3
1214,1,3
1230,1,3
1235,2,3
1237,1,3
1247,1,3
1247,2,3
1250,2,3
1252,2,3
1255,1,3
1255,2,3
1257,2,3
1258,1,3
1259,1,3
1263,1,3
1265,1,3
1268,2,3
1269,1,3
1272,1,3
1280,3,3
1282,1.5,3
1290,2,3
1294,2,3
1295,1,3
1298,2,3
1300,2,3
1302,1,3
1306,1,3
1310,2,3
1314,2,3
1328,1,3
1330,1,3
1330,2,3
1331,1.5,3
1337,1,3
1339,1,3
1344,2,3
1345,2,3
1348,1,3
1351,2,3
1354,2,3
1356,1,3
1357,1,3
1359,1,3
1360,2,3
1362,2,3
1363,2,3
1365,2,3
1369,1,3
1372,2,3
1373,2,3
1385,1,3
1386,2,3
1390,1,3
1390,2,3
1394,1,3
1395,1,3
1398,1,3
1400,1,3
1401,2,3
1404,2,3
1412,2,3
1415,1.3,3
1416,1,3
1416,2,3
1423,2,3
1426,1,3
1429,1,3
1444,2,3
1445,1,3
1452,1,3
1456,1,3
1458,1,3
1459,2,3
1468,1,3
1470,1,3
1479,2,3
1481,2,3
1484,1,3
1487,1,3
1493,2,3
1494,1,3
1494,2,3
1495,1,3
1497,2,3
1500,1,3
1502,2,3
1503,2,3
1509,2,3
1511,1,3
1512,2,3
1514,1,3
1515,2,3
1519,1,3
1522,1.25,3
1526,1.25,3
1528,1,3
1529,2,3
1540,2,3
1541,1,3
1542,1,3
1546,2,3
1547,1,3
1548,1,3
1549,1,3
1552,1,3
1553,1,3
1561,1,3
1562,1,3
1564,1,3
1564,2,3
1568,1,3
1578,1,3
1585,2,3
1587,1,3
1587,2,3
1591,1,3
1592,2,3
1596,1.5,3
1600,0.9,3
1602,1,3
1604,1,3
1611,1,3
1612,1,3
1612,2,3
1613,2,3
1616,1,3
1620,1,3
1623,1,3
1624,1,3
1630,1,3
1634,2,3
1637,1,3
1639,2,3
1648,2,3
1651,2,3
1653,1,3
1655,2,3
1671,1,3
1671,2,3
1672,1,3
1673,1,3
1673,2,3
1677,2,3
1678,1,3
1684,1,3
1692,1,3
1705,2,3
1709,1,3
1715,1,3
1715,1.75,3
1722,1,3
1725,2,3
1727,2,3
1728,1,3
1739,1,3
1741,1,3
1745,2,3
1746,1,3
1749,1,3
1759,2,3
1763,1,3
1778,1,3
1779,1,3
1793,1,3
1795,1,3
1796,1,3
1800,1,3
1810,1,3
1814,2,3
1816,1,3
1817,1,3
1820,1,3
1828,1,3
1833,1,3
1839,1,3
1840,1,3
1841,1,3
1843,1,3
1846,1,3
1851,1,3
1856,1,3
1857,1,3
1860,1,3
1867,1.8,3
1867,2,3
1872,1,3
1876,1,3
1876,2,3
1902,2,3
1906,1,3
1917,2,3
1920,1.25,3
1926,1,3
1928,1,3
1935,1,3
1973,1,3
2000,1,3
2016,1,3
2036,1,3
2052,1,3
2092,1,3
2144,0.896,3
2153,2,3
2160,1,3
2212,1,3
2304,2,3
2495,1,3
2501,1,3
2505,1,3
2543,1,3
2558,1,3
2559,2,3
320,3.375,3
3442,1,3
400,2,3
485,2.975,3
601,1.331,3
681,1,3
739,2.75,3
798,1,3
800,1.5,3
826,1,3
853,1,3
897,1,3
899,1,3
945,1,3
960,1,3
967,1,3
995,1,3
1012,1,2
1012,2,2
10240,0.25,2
1036,2.5,2
1038,1,2
1056,1,2
1060,1,2
1062,2,2
1067,1,2
1075,1,2
1076,2,2
1077,1,2
1077,2,2
1078,1,2
1079,1,2
1092,1,2
1095,1,2
1100,1,2
1100,2,2
1105,1,2
1109,1,2
1110,1.1,2
1111,1,2
1112,1,2
1120,2,2
1125,1,2
1129,2,2
1136,2,2
1137,1,2
1138,2,2
1140,1,2
1140,2,2
1141,1,2
1144,1,2
1146,1,2
1148,2,2
1151,2,2
1152,1,2
1155,1,2
1155,2,2
1160,1,2
1169,2,2
1171,2,2
1173,1.091,2
1177,1,2
1179,2,2
1180,1,2
1184,2,2
1186,1,2
1187,2,2
1188,1,2
1188,2,2
1190,2,2
1192,2,2
1196,2,2
1197,2,2
1199,2,2
1202,1,2
1203,2,2
1208,2,2
1209,1,2
1210,1,2
1210,2,2
1213,1,2
1215,1,2
1215,2,2
1217,2,2
1218,1.5,2
1219,2,2
1225,2,2
1227,2,2
1228,1,2
1229,1.563,2
1232,1,2
1233,1,2
1238,1,2
1239,1,2
1242,1,2
1245,2,2
1246,1,2
1246,2,2
1252,1,2
1253,1,2
1253,2,2
1256,1,2
1257,1,2
1261,1,2
1267,2,2
1272,2,2
1274,1,2
1281,1,2
1283,1,2
1284,2,2
1285,1,2
1286,1,2
1287,1,2
1291,1,2
1292,1,2
1292,2,2
1293,1,2
1295,2,2
1296,1,2
1297,2,2
1298,1,2
1298,1.25,2
1301,1.05,2
1303,1,2
1307,1,2
1307,2,2
1308,1,2
1308,1.75,2
1311,2,2
1314,1,2
1319,2,2
1320,1,2
1320,2,2
1322,1,2
1329,2,2
1331,2,2
1332,1,2
1332,2,2
1334,1.25,2
1335,2,2
1336,2,2
1341,2,2
1344,1,2
1345,1,2
1346,1,2
1352,1,2
1358,2,2
1359,2,2
1361,1,2
1364,2,2
1368,1,2
1368,1.25,2
1369,2,2
1370,1,2
1371,2,2
1373,1,2
1374,1,2
1374,2,2
1376,1.396,2
1381,1,2
1381,2,2
1382,1,2
1383,1,2
1383,2,2
1385,2,2
1387,1,2
1392,1,2
1396,1,2
1399,1,2
1401,1,2
1404,1,2
1408,1,2
1408,1.364,2
1408,2,2
1411,2,2
1413,2,2
1414,1,2
1417,1,2
1419,1,2
1421,2,2
1422,1.8,2
1423,1,2
1427,2,2
1428,2,2
1432,1,2
1433,1,2
1438,0.95,2
1444,1,2
1446,2,2
1448,2,2
1449,2,2
1460,2,2
1461,1,2
1462,1,2
1463,1,2
1465,1,2
1467,1.091,2
1472,1,2
1472,1.304,2
1474,1,2
1474,1.25,2
1475,1,2
1477,1,2
1478,1,2
1479,1.925,2
1480,1,2
1483,1.25,2
1488,1,2
1488,2,2
1493,1,2
1496,1,2
1496,2,2
1499,2,2
1502,1,2
1506,1,2
1510,2,2
1511,2,2
1512,1,2
1514,2,2
1515,1,2
1517,1,2
1518,1,2
1519,2,2
1523,1,2
1524,2.5,2
1525,1,2
1525,2,2
1527,2,2
1530,1,2
1532,1,2
1532,2,2
1536,2,2
1540,1,2
1541,2,2
1545,1,2
1546,1,2
1555,1,2
1558,2,2
1559,1,2
1565,2,2
1566,2,2
1573,1,2
1576,2,2
1578,2,2
1586,1,2
1588,1,2
1588,2,2
1589,2,2
1590,1,2
1593,1,2
1595,1,2
1598,1,2
1605,1,2
1609,1,2
1614,1,2
1614,2,2
1616,2,2
1619,2,2
1626,1,2
1627,2,2
1628,2,2
1632,2,2
1633,1,2
1633,2,2
1638,2.5,2
1640,2,2
1642,1.17,2
1643,1,2
1645,1,2
1646,2,2
1648,1,2
1650,2,2
1651,1,2
1657,2,2
1658,1.65,2
1660,1,2
1660,2,2
1662,2,2
1664,1.154,2
1665,1,2
1665,2,2
1666,1.5,2
1668,1,2
1668,2,2
1669,2,2
1672,2,2
1677,1,2
1681,1,2
1687,2,2
1695,1,2
1698,2,2
1706,1,2
1706,2,2
1707,0.938,2
1708,2,2
1710,1,2
1711,1,2
1714,1,2
1715,2,2
1721,1,2
1735,1,2
1737,1,2
1743,1,2
1747,1,2
1751,1,2
1753,1,2
1755,1,2
1756,1,2
1757,1,2
1758,1,2
1759,1,2
1761,1,2
1763,2,2
1764,1,2
1764,2,2
1767,1,2
1775,1,2
1776,1,2
1780,1,2
1783,1,2
1783,2,2
1784,1,2
1788,2,2
1790,1,2
1792,1,2
1794,1,2
1801,1,2
1802,1,2
1805,1,2
1810,2,2
1812,2,2
1818,1,2
1819,1,2
1824,1,2
1825,1,2
1826,1,2
1827,1,2
1829,1.05,2
1832,1,2
1844,1,2
1845,1,2
1849,1,2
1850,1,2
1859,1,2
1859,2,2
1864,1,2
1873,2,2
1874,2,2
1877,2,2
1878,1,2
1879,2,2
1880,2,2
1882,2,2
1884,1,2
1888,1,2
1891,1,2
1897,1,2
1905,1,2
1906,2,2
1908,2,2
1910,2,2
1925,2,2
1927,1,2
1935,2,2
1939,1,2
1948,1,2
1951,2,2
1976,1,2
1978,1,2
1986,1,2
2029,1,2
2047,2,2
2054,2,2
2069,1,2
2080,1,2
2087,1,2
2095,2,2
2096,1,2
2102,1,2
2103,2,2
2140,1,2
2144,1,2
2166,1,2
2168,1,2
2174,1,2
2182,1.76,2
2199,1.75,2
2205,2,2
2209,1,2
2248,1,2
2250,2,2
2270,1,2
2275,1,2
2277,0.6,2
2285,2,2
2297,1,2
2300,1,2
2344,1,2
2393,1,2
2432,1,2
2438,1,2
2452,1,2
2475,1.034,2
2493,2,2
2494,2,2
2499,1,2
2503,1,2
2522,1,2
2527,1,2
2532,1,2
2544,1,2
2550,1,2
2552,1.5,2
2555,1,2
2557,2,2
2561,1,2
261,1,2
2688,1.25,2
2972,1,2
3360,2,2
534,3,2
540,2,2
597,2,2
622,1,2
667,2,2
756,2,2
760,1,2
763,2,2
767,1.25,2
778,1,2
785,2,2
810,1,2
845,1,2
861,1,2
868,1.25,2
875,2,2
896,1,2
900,1,2
901,1,2
908,1,2
917,1,2
918,1,2
948,1,2
951,1,2
952,2,2
953,1,2
954,1,2
956,1,2
962,1,2
964,1,2
969,1,2
983,1,2
988,2,2
993,1,2
998,1,2
1000,2,1
1006,1,1
1006,2,1
1008,2,1
1010,1,1
1011,1,1
1011,2,1
1013,1,1
1015,1,1
1017,1,1
1018,1,1
1018,2,1
1019,1,1
1020,2,1
1022,2,1
1023,1.25,1
1023,2,1
1025,2,1
1026,1.25,1
1028,1,1
1028,2,1
1029,1,1
1029,2,1
1032,1,1
1035,1,1
1035,2,1
1036,2,1
1037,1,1
1038,2,1
1039,2,1
1041,2,1
1045,1,1
1046,2,1
1047,2,1
1049,1,1
1050,1,1
1050,2.5,1
1051,2,1
1052,2,1
1053,1,1
1054,1.25,1
1059,2,1
1061,2,1
1063,1,1
1065,1.5,1
1066,1,1
1067,1.5,1
1067,2,1
1067,2.4,1
1068,1,1
1071,1,1
1071,1.5,1
1071,2,1
1072,2,1
1073,1,1
1074,2,1
1079,2,1
1080,1.25,1
1081,1,1
1082,1,1
1084,1,1
1084,2,1
1087,2,1
1088,2,1
1090,1,1
1090,2,1
1091,2,1
1094,1,1
1095,2,1
1097,1.75,1
1098,1.75,1
1102,1.25,1
1102,2,1
1103,1,1
1104,1,1
1107,2,1
1108,1,1
1109,2,1
1111,2,1
1115,1,1
1117,1,1
1117,2,1
1118,1,1
1119,1,1
1119,2,1
1120,1.25,1
1123,1,1
1127,1,1
1127,2,1
1128,2,1
1131,1,1
1131,2,1
1132,2,1
1133,1,1
1134,1,1
1136,1,1
1137,2.5,1
1138,2.25,1
1139,1.2,1
1142,1,1
1143,2,1
1144,2,1
1147,1,1
1148,1,1
1149,1,1
1149,2,1
1150,1.091,1
1151,1,1
1151,1.25,1
1152,2,1
1152,2.222,1
1154,1,1
1156,2,1
1159,1,1
1159,2,1
1162,1.25,1
1163,1,1
1163,2,1
1165,2,1
1166,1,1
1166,2,1
1167,1,1
1168,1,1
1168,2,1
1170,1,1
1171,1,1
1172,2,1
1174,1,1
1174,1.25,1
1174,2,1
1176,1,1
1176,1.25,1
1177,2,1
1178,1.364,1
1178,2,1
1179,1,1
1182,2,1
1184,1.622,1
1185,1,1
1188,1.5,1
1189,1,1
1189,2,1
1191,1.5,1
1193,1,1
1193,2,1
1194,2,1
1195,2,1
1197,1,1
1201,2,1
1204,2,1
1205,2,1
1206,1.5,1
1207,2,1
1208,1,1
1211,1,1
1212,2,1
1213,2,1
1216,3,1
1219,1,1
1220,1,1
1221,1,1
1222,1,1
1222,1.5,1
1222,2,1
1223,1,1
1224,1,1
1224,1.5,1
1224,2,1
1228,1.5,1
1228,2,1
1229,1,1
1229,2,1
1231,1,1
1236,1,1
1236,1.25,1
1237,2,1
1238,1.104,1
1238,2,1
1242,2,1
1243,2,1
1244,2,1
1246,1.9,1
1248,1,1
1248,1.538,1
1249,1,1
1249,2,1
1251,2,1
1252,1.091,1
1256,1.5,1
1260,2.5,1
1261,2,1
1264,1.1,1
1265,1.5,1
1265,2,1
1266,1.5,1
1267,1.5,1
1271,1,1
1271,1.5,1
1271,2,1
1272,1.5,1
1277,0.896,1
1281,1.2,1
1287,2,1
1288,2,1
1289,2,1
1297,1,1
1299,2,1
1300,1,1
1304,2,1
1305,1,1
1305,2,1
1306,2,1
1309,2.2,1
1312,2,1
1313,1.2,1
1315,2,1
1316,2,1
1321,2,1
1325,1,1
1325,2,1
1327,2,1
1328,2,1
1329,1.25,1
1329,1.375,1
1332,2.25,1
1333,1.2,1
1337,2,1
1338,1.2,1
1339,2,1
1340,2,1
1342,2,1
1343,1,1
1343,1.25,1
1343,2,1
1344,1.429,1
1346,1.25,1
1346,2,1
1348,2,1
1349,1,1
1349,2,1
1350,2,1
1351,1,1
1352,2,1
1355,2,1
1356,2,1
1363,1.395,1
1367,2,1
1370,2,1
1373,1.4,1
1375,2,1
1376,1,1
1376,1.395,1
1376,2,1
1377,1,1
1382,1.25,1
1382,1.333,1
1384,1,1
1388,1,1
1394,2,1
1396,1.375,1
1398,2,1
1402,1,1
1402,2,1
1406,1,1
1406,2,1
1411,1,1
1411,1.7,1
1413,1.1,1
1413,1.8,1
1414,2,1
1416,1.25,1
1419,2,1
1420,1,1
1420,2,1
1421,2.25,1
1422,1.091,1
1422,1.35,1
1423,1.8,1
1424,2,1
1425,1,1
1426,1.25,1
1426,2,1
1427,2.25,1
1431,1,1
1432,2,1
1433,2,1
1434,1.25,1
1436,1.25,1
1443,1,1
1443,2,1
1445,2,1
1446,1,1
1447,1,1
1448,1,1
1448,1.25,1
1449,1,1
1450,1,1
1452,2,1
1453,1,1
1454,2,1
1455,1.1,1
1457,2,1
1460,1.25,1
1461,2,1
1463,1.75,1
1464,1,1
1464,2,1
1465,2,1
1466,1,1
1468,2,1
1469,1,1
1470,1.25,1
1470,1.3,1
1471,1,1
1471,2,1
1473,1,1
1473,2,1
1474,2,1
1475,1.3,1
1476,2,1
1477,1.3,1
1477,2,1
1478,2,1
1479,1,1
1480,2,1
1482,2,1
1483,1,1
1483,2,1
1486,2,1
1488,1.25,1
1489,1,1
1490,1.25,1
1490,1.5,1
1491,1,1
1495,2,1
1496,1.25,1
1497,1,1
1502,1.25,1
1503,1.25,1
1505,1.818,1
1506,2,1
1508,1,1
1508,2,1
1509,1,1
1509,2.2,1
1510,1,1
1511,1.125,1
1513,1,1
1519,0.896,1
1519,1.25,1
1520,1,1
1520,1.25,1
1520,2,1
1524,1,1
1525,1.5,1
1526,1,1
1526,2.5,1
1528,2.2,1
1529,1.256,1
1530,2,1
1531,2,1
1533,2,1
1534,2,1
1535,2.5,1
1537,2,1
1539,1,1
1540,2.5,1
1543,1,1
1544,1,1
1545,2,1
1549,2,1
1550,1.765,1
1552,2,1
1553,2,1
1556,2,1
1557,1,1
1557,2,1
1560,1,1
1566,1,1
1567,1,1
1568,2,1
1570,1,1
1574,1.5,1
1575,2,1
1577,1,1
1577,2,1
1578,1.8,1
1579,1,1
1579,2,1
1580,1,1
1580,2,1
1581,1,1
1581,2,1
1584,1.818,1
1589,1,1
1590,2,1
1593,2,1
1596,2,1
1597,1.2,1
1597,2,1
1598,2,1
1599,1,1
1600,1.2,1
1600,1.6,1
1601,2,1
1602,2,1
1604,2,1
1605,2,1
1606,2,1
1607,1,1
1607,2,1
1608,1,1
1608,2,1
1609,2,1
1617,2,1
1618,2,1
1619,1,1
1621,2,1
1624,2,1
1628,1,1
1629,2,1
1632,1,1
1634,1,1
1636,1,1
1636,1.091,1
1637,2,1
1639,1,1
1639,2.5,1
1641,1,1
1645,2,1
1646,1,1
1647,1,1
1649,2,1
1650,1,1
1652,1,1
1652,2,1
1653,2,1
1654,1,1
1655,1,1
1656,1,1
1659,1,1
1662,1,1
1663,1,1
1663,2,1
1666,2,1
1667,1,1
1667,2,1
1668,2.222,1
1669,1,1
1674,1,1
1674,2,1
1675,1,1
1675,2,1
1683,1,1
1684,0.95,1
1684,2,1
1685,1,1
1685,1.1,1
1686,2,1
1687,1,1
1688,1,1
1689,1,1
1689,1.1,1
1696,2,1
1697,1,1
1700,1,1
1704,0.9,1
1704,2,1
1712,1,1
1712,2.25,1
1713,2,1
1719,2,1
1723,2,1
1725,1,1
1729,1,1
1730,1,1
1731,1.1,1
1732,1,1
1734,1,1
1737,0.75,1
1739,2,1
1741,2,1
1743,2,1
1744,1,1
1745,1,1
1746,2,1
1748,1,1
1749,2,1
1750,1,1
1750,2,1
1752,1,1
1754,1,1
1760,1.091,1
1761,2,1
1762,2,1
1765,2,1
1767,2,1
1770,0.896,1
1770,1,1
1771,1,1
1771,2,1
1772,1,1
1774,1,1
1774,1.25,1
1774,2,1
1775,2,1
1784,2,1
1787,2,1
1788,1,1
1790,2,1
1792,2,1
1793,2,1
1794,2,1
1795,2,1
1796,2,1
1798,1,1
1798,2,1
1799,1,1
1799,2,1
1800,2,1
1802,1.818,1
1804,1,1
1805,2,1
1806,1.25,1
1811,2,1
1812,1,1
1813,0.75,1
1813,2,1
1816,1.057,1
1821,2,1
1822,2,1
1823,1,1
1829,2,1
1831,1,1
1832,2,1
1834,1,1
1835,1,1
1836,2,1
1837,1,1
1838,1,1
1838,2,1
1839,2,1
1844,2,1
1846,2,1
1847,2,1
1848,2,1
1851,2,1
1856,2,1
1859 px,2 dppx,1
1861,2,1
1868,1,1
1868,2,1
1870,1,1
1870,2,1
1872,2,1
1874,1,1
1875,2,1
1878,2,1
1881,2,1
1882,0.85,1
1883,1,1
1887,1,1
1890,1,1
1892,2,1
1895,1,1
1895,2,1
1898,2,1
1901,2,1
1902,0.896,1
1903,2,1
1904,1.25,1
1904,2,1
1907,1,1
1907,2,1
1913,2,1
1915,2,1
1918,1.5,1
1918,2,1
1920,1.333,1
1920,1.5,1
1921,2,1
1922,2,1
1923,1,1
1923,1.25,1
1925,1,1
1928,2,1
1929,2,1
1933,1,1
1936,2,1
1940,2,1
1942,1,1
1944,1,1
1951,1,1
1953,0.896,1
1953,1,1
1956,1,1
1956,2,1
1958,2,1
1969,1,1
1974,1,1
1976,2,1
1977,1,1
1979,2,1
1980,2,1
1981,1,1
1983,2,1
1984,1,1
1985,1,1
1986,2,1
1989,1,1
1989,2,1
1990,2,1
1996,2,1
2000,0.8,1
2000,1.5,1
2001,1,1
2005,1,1
2005,2,1
2007,2,1
2009,1.5,1
2010,2,1
2012,2,1
2013,1,1
2013,2,1
2015,1,1
2017,1,1
2019,2,1
2021,1,1
2024,1,1
2029,2,1
2030,2,1
2032,1,1
2033,1,1
2034,2,1
2035,2,1
2037,2,1
2038,1.25,1
2039,1,1
2040,1,1
2041,2,1
2042,1,1
2045,1,1
2046,1.25,1
2049,2,1
2050,1,1
2052,2,1
2056,1,1
2056,2,1
2059,1,1
2061,1,1
2065,1,1
2067,1,1
2068,1,1
2070,1,1
2073,2,1
2077,2,1
2078,1,1
2079,2,1
2085,1,1
2088,1,1
2089,1,1
2090,2,1
2094,2,1
2095,1,1
2096,2,1
2097,2,1
2100,1,1
2101,1,1
2105,2,1
2112,1.818,1
2115,2,1
2116,1,1
2117,1,1
2122,1,1
2123,1,1
2128,1,1
2133,1,1
2134,1,1
2134,1.5,1
2135,1,1
2139,1,1
2146,1,1
2149,1,1
2149,2,1
2150,1,1
2151,1,1
2154,1,1
2155,1,1
2158,1,1
2158,2,1
2160,1.5,1
2171,1,1
2173,1.76,1
2175,1,1
2175,2,1
2176,1.765,1
2177,1,1
2186,2,1
2188,1,1
2192,1.75,1
2194,1.75,1
2200,1,1
2201,2,1
2204,1,1
2207,1,1
2210,1,1
2211,2,1
2212,2,1
2213,1,1
2215,1,1
2218,1,1
2221,2,1
2224,1,1
2224,2,1
2228,1,1
2231,2,1
2233,1,1
2236,1,1
2244,1,1
2251,1,1
2252,1,1
2256,1,1
2258,1,1
2259,0.85,1
2269,1,1
2272,1,1
2274,1.1,1
2282,1,1
2285,1,1
2287,1,1
2289,1,1
2290,1,1
2293,1,1
2294,1.5,1
2304,1.25,1
2305,1,1
2308,2,1
2311,1,1
2314,2,1
2316,1,1
2319,1,1
2319,2,1
2322,1,1
2325,1,1
2330,1,1
2335,1,1
2337,1,1
2341,1,1
2343,1,1
2346,1,1
2347,1.091,1
2357,1,1
2359,1,1
2360,2,1
2364,1,1
2365,2,1
2370,1,1
2371,2,1
2373,2,1
2375,1.25,1
2376,1,1
2380,1,1
2385,2,1
2389,1,1
2391,2,1
2394,1,1
2398,1,1
2400,1,1
2402,1,1
2403,1,1
2408,1,1
2410,2,1
2418,1,1
2430,1,1
2433,1,1
2433,2,1
2441,1,1
2447,1,1
2458,1,1
2461,1,1
2463,1,1
2470,1,1
2470,2,1
2473,2,1
2481,1,1
2485,1,1
2492,1,1
2504,1,1
2506,1,1
2508,1,1
2510,1,1
2512,2,1
2513,1,1
2513,2,1
2514,1,1
2525,2,1
2528,2,1
2534,2,1
2536,1,1
2538,1,1
2539,1,1
2539,2,1
2541,1.5,1
2545,2,1
2548,1,1
2549,1,1
2551,1,1
2552,2,1
2553,1,1
2554,1,1
2555,2,1
2556,2,1
2559,1.5,1
2563,1.5,1
2564,1,1
2564,2,1
2566,1.5,1
2579,2,1
2597,1,1
2599,2,1
2609,1,1
2621,1,1
2669,2,1
2677,1,1
2686,2,1
2704,2,1
2713,1,1
2717,1,1
2721,1,1
2727,1,1
2738,1,1
2811,1,1
2831,2,1
2859,0.896,1
2891,1,1
2943,2,1
2955,1,1
2966,2,1
300,2,1
3072,1.25,1
3200,2,1
3323,1.156,1
3359,2,1
3377,1,1
3424,1,1
346,3.125,1
361,1.331,1
3773,1,1
3810,0.667,1
3839,1,1
396,2.727,1
400,1,1
400,2.7,1
4072,1,1
412,1,1
438,3,1
470,2,1
480,1.5,1
484,1,1
523,1,1
559,2,1
562,1,1
576,2,1
581,1,1
592,2,1
599,2,1
600,1,1
601,2,1
614,2,1
638,2,1
673,2,1
692,2,1
694,2,1
698,2,1
699,1,1
701,2,1
716,2,1
717,2,1
720,1,1
723,2,1
728,1,1
731,1,1
732,2.625,1
736,3,1
743,2,1
745,1,1
751,1,1
752,1,1
758,1,1
761,1,1
768,1,1
768,1.25,1
769,1,1
771,1,1
776,1.25,1
779,2,1
784,1,1
789,1,1
793,1,1
794,1,1
799,1,1
802,1,1
815,2,1
816,1,1
818,1,1
820,1,1
822,1,1
823,1,1
823,2.5,1
834,1,1
836,1,1
838,1,1
838,2,1
840,1,1
850,1.5,1
852,1.5,1
855,1,1
856,1,1
856,2,1
857,2,1
859,2,1
860,2,1
862,2,1
863,2,1
866,2,1
867,1,1
869,1,1
873,1,1
877,1,1
880,2,1
881,2,1
885,1,1
887,1,1
888,2,1
890,1,1
891,1,1
893,2,1
896,2,1
898,2,1
905,1,1
906,1,1
906,2,1
907,1,1
909,1,1
912,1,1
912,1.25,1
915,1,1
919,2,1
919 px,2 dppx,1
920,1,1
921,2,1
922,2,1
923,2,1
925,1,1
926,1,1
926,1.75,1
926,2,1
928,1.25,1
933,2,1
934,1,1
934,2,1
935,1,1
937,1.375,1
939,1,1
941,1,1
941,2,1
942,1,1
950,2,1
953,2,1
954,2,1
956,1.25,1
956,2,1
958,2,1
959,2,1
962,1.331,1
962,2,1
963,1,1
964,2,1
965,1,1
966,1,1
970,2,1
971,1,1
971,2,1
971,3,1
972,1,1
977,2,1
979,1,1
980,2,1
980,3,1
980,4,1
981,1,1
981,1.5,1
981,2,1
981,2.625,1
982,1,1
982,2,1
986,1,1
986,1.25,1
989,2,1
990,2,1
994,2,1
